window_id,seed,train_end,test_start,test_end,is_sharpe,oos_sharpe,oos_status,oos_n_trades,oos_min_trades,dsr,n_nodes_best,n_evaluations,dsr_n_trials,dsr_trial_sr_std,dsr_trial_source,dsr_n_evaluations,dsr_n_trials_bests,dsr_trial_sr_std_bests,dsr_bests_only,n_assets,universe_fingerprint
0,0,2025-04-30,2025-07-01,2025-09-30,3.081551648924961,0.47227315060275044,ok,100,38,0.009454233241487517,7,1446,9721,1.2763081692332146,all_evaluations,13006,9,0.17777310985794173,0.9998360196604781,21,af8fe4ee067f
0,1,2025-04-30,2025-07-01,2025-09-30,2.926361654384532,0.3975507164721096,ok,76,38,0.005056097782778056,6,1440,9721,1.2763081692332146,all_evaluations,13006,9,0.17777310985794173,0.9996970509195076,21,af8fe4ee067f
0,2,2025-04-30,2025-07-01,2025-09-30,2.8937062111065934,0.7350584057504657,ok,108,38,0.004335997339900284,4,1452,9721,1.2763081692332146,all_evaluations,13006,9,0.17777310985794173,0.9996637182877046,21,af8fe4ee067f
1,0,2025-07-31,2025-10-01,2025-12-31,2.965924195287395,0.21433697375042743,ok,99,20,0.002279981411446005,4,1445,9721,1.2763081692332146,all_evaluations,13006,9,0.17777310985794173,0.9999549539919618,21,af8fe4ee067f
1,1,2025-07-31,2025-10-01,2025-12-31,3.1084441872743476,-0.6267000609327604,ok,121,20,0.005995089984543933,9,1436,9721,1.2763081692332146,all_evaluations,13006,9,0.17777310985794173,0.9999591328434411,21,af8fe4ee067f
1,2,2025-07-31,2025-10-01,2025-12-31,3.316600987440607,0.7244652550550131,ok,61,20,0.007367754435654533,19,1453,9721,1.2763081692332146,all_evaluations,13006,9,0.17777310985794173,0.9999982375399993,21,af8fe4ee067f
2,0,2025-10-31,2026-01-01,2026-03-31,3.0176934857304776,-1.5695776380822684,ok,55,8,0.0011980999360686605,4,1433,9721,1.2763081692332146,all_evaluations,13006,9,0.17777310985794173,0.9999942847092953,21,af8fe4ee067f
2,1,2025-10-31,2026-01-01,2026-03-31,2.6795238180831737,-1.9119359358120007,ok,41,8,0.0002703213394910186,5,1458,9721,1.2763081692332146,all_evaluations,13006,9,0.17777310985794173,0.9999014318955171,21,af8fe4ee067f
2,2,2025-10-31,2026-01-01,2026-03-31,3.1210104660293143,-1.3410360027039427,ok,39,8,0.0018014533561277804,10,1443,9721,1.2763081692332146,all_evaluations,13006,9,0.17777310985794173,0.9999980477900914,21,af8fe4ee067f
